question,answer
What crops are suitable for cultivation in Kerala?,Kerala has a suitable climate for the cultivation of crops like rice, coconut, rubber, pepper, coffee, tea, and spices.
How can I protect my crops from pests and diseases?,You can use natural methods like neem oil, garlic, and tobacco to control pests and diseases. It's also important to maintain good hygiene and sanitation in your fields to prevent the spread of disease.
What are some common farming practices in Kerala?,Some common farming practices in Kerala include organic farming, mixed cropping, and the use of traditional methods like mulching and intercropping.
How can I increase my crop yield?,You can increase your crop yield by using organic fertilizers, rotating your crops, and using high-yield seed varieties. It's also important to maintain good soil health by adding organic matter and practicing proper irrigation.
How do I get started with organic farming?,To get started with organic farming, you should focus on building healthy soil, avoiding chemical fertilizers and pesticides, and using natural methods to control pests and diseases. You can also get certified as an organic farmer by following the guidelines of organizations like the National Program for Organic Production (NPOP) and Participatory Guarantee System for India (PGS-India).
What are the different types of soil found in Kerala?,The major soil types found in Kerala are laterite, red loam, alluvial, and coastal sandy soil.
How can I prepare my soil for planting?,To prepare your soil for planting, you should first remove any weeds and debris. Then, add organic matter like compost or manure to improve soil health and structure. It's also a good idea to test your soil to determine its pH level and nutrient content.
What are the best irrigation methods for farming in Kerala?,The best irrigation methods for farming in Kerala depend on the type of crop being grown and the soil type. Some common irrigation methods used in Kerala include drip irrigation, sprinkler irrigation, and flood irrigation.
How can I prevent soil erosion on my farm?,You can prevent soil erosion on your farm by planting cover crops, using mulch, and practicing contour farming to reduce runoff. Terracing can also be used on sloping terrain to prevent soil erosion.
What are some common crop diseases found in Kerala?,Some common crop diseases found in Kerala include rice blast, black rot, and leaf blight. These diseases can be controlled using natural methods like neem oil or by using chemical fungicides.
What is the best time to plant rice in Kerala?,The best time to plant rice in Kerala is during the monsoon season, which lasts from June to September. This ensures that there is enough water available for the rice plants to grow.
What is the difference between organic and conventional farming?,Organic farming involves using natural methods to grow crops and control pests and diseases, while conventional farming involves the use of synthetic fertilizers and pesticides. Organic farming is considered to be more sustainable and environmentally friendly than conventional farming.
How can I control pests in my fields without using chemicals?,You can control pests in your fields without using chemicals by using natural methods like crop rotation, intercropping, and the use of biological control agents like ladybugs and praying mantises. You can also use physical barriers like nets or fences to keep pests out of your fields.
What are some common spices grown in Kerala?,Some common spices grown in Kerala include black pepper, cardamom, cloves, cinnamon, and nutmeg.
How can I improve the fertility of my soil?,You can improve the fertility of your soil by adding organic matter like compost or manure, using cover crops, and rotating your crops. It's also important to maintain proper pH levels and to avoid over-fertilization, which can lead to nutrient imbalances.
What are some common methods of seed propagation?,Some common methods of seed propagation include direct seeding, transplanting, and vegetative propagation. Direct seeding involves planting seeds directly in the soil, while transplanting involves starting seeds in pots and then transplanting them to the field. Vegetative propagation involves growing new plants from cuttings or other plant parts.
How can I maintain the quality of my crops after harvest?,To maintain the quality of your crops after harvest, you should handle them carefully to avoid bruising or damage. You should also store them in a cool, dry place with good ventilation and proper humidity levels. It's also important to monitor your stored crops regularly for signs of spoilage or pests.
What are some common pests that affect coconut trees in Kerala?,Some common pests that affect coconut trees in Kerala include red palm weevil, coconut mite, and coconut leaf caterpillar. These pests can be controlled using natural methods like neem oil or by using chemical pesticides.
How can I increase the shelf life of my fruits and vegetables?,You can increase the shelf life of your fruits and vegetables by storing them at the right temperature and humidity levels. It's also important to handle
What are the most commonly grown crops in Kerala?,The most commonly grown crops in Kerala are rice, coconut, rubber, tea, and spices such as pepper, cardamom, and cloves.
How do I prepare the soil for growing vegetables?,To prepare soil for growing vegetables, you need to loosen the soil and add compost or other organic matter. You can also add fertilizers and lime if necessary.
What is the best time to plant paddy in Kerala?,The best time to plant paddy in Kerala is between June and July, before the onset of the monsoon.
How can I protect my crops from pests and diseases?,You can protect your crops from pests and diseases by using natural pesticides, crop rotation, and maintaining proper sanitation and hygiene in the farm.
What are the benefits of using organic farming methods?,Organic farming methods are beneficial because they promote soil health, reduce pollution, and produce healthier and more nutritious crops.
How can I increase the yield of my crops?,You can increase the yield of your crops by using high-quality seeds, practicing proper irrigation and fertilization, and controlling pests and diseases.
What are the common irrigation methods used in Kerala?,The common irrigation methods used in Kerala include drip irrigation, sprinkler irrigation, and flood irrigation.
What are the major challenges faced by farmers in Kerala?,The major challenges faced by farmers in Kerala include land scarcity, lack of irrigation facilities, climate change, and the high cost of production.
How can I improve the quality of my produce?,You can improve the quality of your produce by using high-quality seeds, practicing proper irrigation and fertilization, and controlling pests and diseases.
What are the main sources of agricultural income in Kerala?,The main sources of agricultural income in Kerala are paddy cultivation, coconut farming, and rubber cultivation.
What are the major crops grown in Kerala?,The major crops grown in Kerala include rice, coconut, tea, rubber, and spices like pepper, cardamom, and cinnamon.
What are some common agricultural pests and diseases in Kerala?,Some common agricultural pests and diseases in Kerala include the coconut black headed caterpillar, the rubber leafhopper, and the tea mosquito bug.
What are some good practices for maintaining healthy soil in a Kerala farm?,Good practices for maintaining healthy soil in a Kerala farm include crop rotation, organic matter management, and reduced tillage.
What is the role of government in agriculture in Kerala?,The government in Kerala provides various subsidies, training, and financial assistance to farmers to promote agriculture in the state.
What are some common irrigation techniques used in Kerala farming?,Common irrigation techniques used in Kerala farming include drip irrigation, sprinkler irrigation, and flood irrigation.
What are some common post-harvesting techniques used in Kerala?,Common post-harvesting techniques used in Kerala include drying, cleaning, and storing the harvested crops in appropriate containers.
What are the benefits of intercropping in a Kerala farm?,Intercropping helps in increasing the productivity of the farm, improving soil fertility, and reducing the risk of pest and disease infestations.
How can farmers in Kerala reduce water wastage?,Farmers in Kerala can reduce water wastage by using efficient irrigation techniques like drip irrigation and by collecting and storing rainwater.
What is the best time for planting rice in Kerala?,The best time for planting rice in Kerala is from May to June during the monsoon season.
How can farmers in Kerala protect their crops from pests and diseases without using chemicals?,Farmers in Kerala can protect their crops from pests and diseases by using natural methods like crop rotation, intercropping, and using organic fertilizers.
What is the ideal temperature range for growing tea in Kerala?,The ideal temperature range for growing tea in Kerala is 20-30°C.
What are some common problems faced by rubber farmers in Kerala?,Some common problems faced by rubber farmers in Kerala include leaf fall disease, the rubber leafhopper, and fluctuations in rubber prices in the market.
What are the advantages of using organic farming methods in Kerala?,Organic farming methods in Kerala are environmentally sustainable, help in conserving soil fertility, and produce healthier crops that are free from harmful chemicals.
What is the role of women in agriculture in Kerala?,Women play a significant role in agriculture in Kerala, especially in small-scale farming and dairy farming.
What are some good practices for conserving water in a Kerala farm?,Good practices for conserving water in a Kerala farm include using efficient irrigation methods, mulching, and using water-saving devices like drip trays.
What is the best time for planting coconut trees in Kerala?,The best time for planting coconut trees in Kerala is during the monsoon season from May to July.
What are some common farming tools and equipment used in Kerala?,Common farming tools and equipment used in Kerala include hoes, sickles, spades, plows, and tractors.
What are some common problems faced by rice farmers in Kerala?,Some common problems faced by rice farmers in Kerala include pests like rice blast disease and bacterial leaf blight, as well as poor soil fertility.
What is the role of fertilizers in Kerala farming?,Fertilizers play a crucial role in improving soil fertility and increasing crop productivity in Kerala farming.
What are some good practices for maintaining the health of coconut trees in Kerala?,Good practices for maintaining the health of coconut trees in Kerala include regular pruning, fertilizing, and using organic methods to control pests and diseases.
What are the major crops grown in Kerala?,The major crops grown in Kerala include paddy, coconut, rubber, tea, coffee, pepper, cardamom, and cashew.
What is the role of agriculture in the economy of Kerala?,Agriculture plays a significant role in the economy of Kerala, providing employment to over 50% of the workforce and contributing to the state's GDP.
What are some of the challenges faced by farmers in Kerala?,Farmers in Kerala face a range of challenges, including climate change, water scarcity, declining soil fertility, high input costs, and low prices for their produce.
What is the importance of organic farming in Kerala?,Organic farming is becoming increasingly important in Kerala, as it helps to conserve the environment, improve soil health, and produce healthier and more nutritious crops.
What are the main factors affecting crop productivity in Kerala?,The main factors affecting crop productivity in Kerala include soil fertility, climate, water availability, pest and disease control, and proper management of inputs.
What is the impact of climate change on agriculture in Kerala?,Climate change is having a significant impact on agriculture in Kerala, with increased temperatures, changes in rainfall patterns, and extreme weather events affecting crop productivity and water availability.
What are some of the common pests and diseases affecting crops in Kerala?,Some of the common pests and diseases affecting crops in Kerala include leaf spot, blast, wilt, rust, powdery mildew, nematodes, and insects like mites, thrips, and aphids.
What is the government doing to support agriculture in Kerala?,The government of Kerala has launched a number of initiatives to support agriculture, including providing subsidies for inputs, improving irrigation infrastructure, promoting organic farming, and setting up farmers' markets.
How can farmers in Kerala improve their productivity?,Farmers in Kerala can improve their productivity by adopting good agricultural practices, using high-quality inputs, practicing integrated pest management, and adopting new technologies and innovations.
What are the main steps involved in the cultivation of paddy in Kerala?,The main steps involved in the cultivation of paddy in Kerala include land preparation, sowing of seeds, application of fertilizers and pesticides, irrigation, weed control, and harvesting.
What are the benefits of crop diversification for farmers in Kerala?,Crop diversification can help farmers in Kerala reduce their risk of crop failure, increase their income, and improve the sustainability of their farming practices.
What is the role of cooperatives in agriculture in Kerala?,Cooperatives play an important role in agriculture in Kerala, helping farmers to access credit, inputs, and markets, and providing a forum for collective decision-making and problem-solving.
What are some of the popular spices grown in Kerala?,Kerala is known for its rich variety of spices, including pepper, cardamom, ginger, turmeric, cinnamon, clove, and nutmeg.
How can farmers in Kerala cope with water scarcity?,Farmers in Kerala can cope with water scarcity by adopting water-saving technologies like drip irrigation, using drought-tolerant crop varieties, and practicing rainwater harvesting.
What is the importance of livestock farming in Kerala?,Livestock farming is an important source of livelihood for many farmers in Kerala, providing milk, meat, and other dairy products, as well as draft power for farming operations.
What are some of the common problems faced by livestock farmers in Kerala?,Some of the common problems faced by livestock farmers in Kerala include poor animal health, low productivity, lack of access to markets, and high feed and fodder costs.
What is the best way to store seeds?,Seeds should be stored in a cool, dry place away from sunlight and moisture.
How can I ensure that my seeds are high quality?,It's important to purchase seeds from reputable sources and to check for the germination rate before planting.
What are heirloom seeds?,Heirloom seeds are seeds that have been passed down through generations of farmers and are often open-pollinated, meaning they are not genetically modified.
What are some common climate-related challenges for farmers in Kerala?,Farmers in Kerala may face challenges such as flooding, drought, and pests that thrive in humid conditions.
How can farmers protect their crops from pests without using harmful pesticides?,Farmers can use natural methods such as crop rotation, companion planting, and biological pest control to minimize pest damage.
What is the role of pesticides in agriculture?,Pesticides are used to control pests and diseases that can damage crops and reduce yields. However, their use should be minimized to avoid harmful effects on human health and the environment.
What are some common pesticides used in agriculture?,Common pesticides used in agriculture include insecticides, herbicides, and fungicides.
What is integrated pest management?,Integrated pest management is a holistic approach to pest control that involves using a combination of methods, including natural predators, cultural practices, and targeted pesticide use, to minimize pest damage while protecting human health and the environment.
How can farmers adapt to climate change?,Farmers can adapt to climate change by using drought-resistant crops, improving water management practices, and implementing sustainable farming practices.
What are some examples of sustainable farming practices?,Examples of sustainable farming practices include conservation tillage, cover cropping, crop rotation, and using organic fertilizers and pest control methods.
What is the best time to plant tapioca?,The best time to plant tapioca is during May to June.
What are the benefits of intercropping?,Intercropping helps to increase the overall yield, suppresses weed growth, and increases soil fertility.
How to prevent pest infestations in paddy fields?,Using biocontrol agents and natural pesticides can help prevent pest infestations in paddy fields.
What is the ideal temperature for growing cardamom?,The ideal temperature for growing cardamom is between 10°C to 35°C.
What is the best time to plant mango trees in Kerala?,The best time to plant mango trees in Kerala is during the pre-monsoon season from March to May.
What are the common diseases affecting coconut trees in Kerala?,The common diseases affecting coconut trees in Kerala are stem bleeding, root wilt, and leaf rot.
What are the benefits of using organic manure?,Using organic manure helps to improve soil fertility, reduces the risk of soil erosion, and increases crop yield.
What are the benefits of using green manure?,Using green manure helps to improve soil fertility, increases soil organic matter, and reduces the use of chemical fertilizers.
What is the ideal time for pruning coffee plants?,The ideal time for pruning coffee plants is from January to February.
What are the benefits of drip irrigation?,Drip irrigation helps to reduce water usage, increases crop yield, and improves soil moisture.
What are the common pests affecting tomato plants in Kerala?,The common pests affecting tomato plants in Kerala are aphids, whiteflies, and fruit borers.
What are the benefits of using neem oil as a pesticide?,Using neem oil as a pesticide helps to control a wide range of pests, reduces the risk of chemical contamination, and improves soil health.
What is the ideal time for planting ginger in Kerala?,The ideal time for planting ginger in Kerala is from May to July.
What are the benefits of using biofertilizers?,Using biofertilizers helps to improve soil fertility, increases crop yield, and reduces the use of chemical fertilizers.
What is the ideal temperature for growing black pepper?,The ideal temperature for growing black pepper is between 20°C to 30°C.
What are the benefits of using vermicompost?,Using vermicompost helps to improve soil fertility, increases soil organic matter, and enhances plant growth.
What are the common pests affecting paddy crops in Kerala?,The common pests affecting paddy crops in Kerala are stem borers, leaf folders, and green leafhoppers.
What are the benefits of using cow dung as a fertilizer?,Using cow dung as a fertilizer helps to improve soil fertility, increases soil organic matter, and reduces the use of chemical fertilizers.
What is the ideal time for planting banana trees in Kerala?,The ideal time for planting banana trees in Kerala is during the rainy season from June to September.
What are the benefits of using compost tea?,Using compost tea helps to improve soil fertility, increases soil microbial activity, and reduces the use of chemical fertilizers.
What is the ideal temperature for growing rubber trees?,The ideal temperature for growing rubber trees is between 25°C to 35°C.
What are the common diseases affecting banana plants in Kerala?,The common diseases affecting banana plants in Kerala are bunchy top disease and Panama wilt disease.
What are the benefits of using fish emulsion as a fertilizer?,Using fish emulsion as a fertilizer helps to improve soil fertility, increases soil microbial activity, and reduces the use of chemical fertilizers.
What is the ideal time for planting pepper in Kerala?,The ideal time for planting pepper in Kerala is from March to April.
What are some common diseases that affect aquaculture?,Common diseases in aquaculture include bacterial infections, parasitic infestations, and viral diseases.
How can I prevent disease outbreaks in my aquaculture operation?,To prevent disease outbreaks in your aquaculture operation, it's important to maintain good water quality, implement a vaccination program, practice good hygiene and biosecurity measures, and promptly remove sick or dead fish from the population.
What are some common diseases that affect dairy cows?,Common diseases that affect dairy cows include mastitis, milk fever, ketosis, and lameness.
How can I prevent disease in my dairy herd?,To prevent disease in your dairy herd, it's important to maintain good nutrition and hygiene, implement a vaccination program, and promptly identify and treat sick animals.
What are some common pests that affect orchards?,Common pests that affect orchards include aphids, mites, fruit flies, and codling moths.
What are some organic methods for controlling orchard pests?,Organic methods for controlling orchard pests include using beneficial insects, practicing crop rotation, applying organic pesticides, and maintaining good orchard hygiene.
What are some common diseases that affect dogs in a farming environment?,Common diseases that affect dogs in a farming environment include Lyme disease, rabies, and leptospirosis.
How can I protect my dogs from disease in a farming environment?,To protect your dogs from disease in a farming environment, it's important to keep their vaccinations up to date, practice good hygiene and sanitation measures, and regularly inspect them for ticks and other parasites.
What are some common diseases that affect poultry?,Common diseases that affect poultry include avian influenza, Newcastle disease, and infectious bronchitis.
How can I prevent disease outbreaks in my poultry flock?,To prevent disease outbreaks in your poultry flock, it's important to maintain good hygiene and sanitation measures, implement a vaccination program, and promptly isolate and treat sick birds.
What are the best crops to grow during the rainy season in Kerala?,Rice, banana, ginger, turmeric, pepper, cardamom, tapioca, sweet potato, yam, pumpkin, and cucumber are some of the best crops to grow during the rainy season in Kerala.
What is the average yield per hectare for rice cultivation in Kerala?,The average yield per hectare for rice cultivation in Kerala is around 2,500 kg.
What are some common diseases that affect pepper plants in Kerala?,Some common diseases that affect pepper plants in Kerala include foot rot, quick wilt, and anthracnose.
What is the best time to plant tapioca in Kerala?,The best time to plant tapioca in Kerala is during the summer season, between March and April.
How can I control leaf blight in tomato plants?,Leaf blight in tomato plants can be controlled by removing infected leaves, providing adequate spacing between plants, and using fungicides.
What are some common diseases that affect cashew trees in Kerala?,Some common diseases that affect cashew trees in Kerala include powdery mildew, leaf spot, and anthracnose.
What is the ideal temperature range for dairy cows in Kerala?,The ideal temperature range for dairy cows in Kerala is between 15°C and 25°C.
What is the best time to prune grape vines in Kerala?,The best time to prune grape vines in Kerala is during the winter season, between December and February.
What is the best time to plant onion in Kerala?,The best time to plant onion in Kerala is during the winter season, between November and December.
What are some common diseases that affect coconut trees in Kerala?,Some common diseases that affect coconut trees in Kerala include lethal yellowing disease, stem bleeding disease, and bud rot.
How can I prevent fungal diseases in cucumber plants?,Fungal diseases in cucumber plants can be prevented by providing adequate spacing between plants, using fungicides, and watering the plants in the morning.
What is the best time to harvest pepper in Kerala?,The best time to harvest pepper in Kerala is during the months of November and December.
What is the ideal pH range for growing pineapple in Kerala?,The ideal pH range for growing pineapple in Kerala is between 4.5 and 5.5.
What are some common diseases that affect ginger plants in Kerala?,Some common diseases that affect ginger plants in Kerala include soft rot, bacterial wilt, and yellow disease.
How can I control fruit flies in mango trees?,Fruit flies in mango trees can be controlled by using pheromone traps, removing infected fruits, and using insecticides.
What is the best time to plant banana in Kerala?,The best time to plant banana in Kerala is during the summer season, between March and April.
What is the best time to plant cocoa in Kerala?,The best time to plant cocoa in Kerala is during the monsoon season, between June and July.
What are some common diseases that affect tomato plants in Kerala?,Some common diseases that affect tomato plants in Kerala include bacterial wilt, leaf curl, and blossom end rot.
How can I control root rot in cardamom plants?,Root rot in cardamom plants can be controlled by using fungicides, providing adequate drainage, and avoiding waterlogging.
What is the ideal temperature range for growing turmeric in Kerala?,The ideal temperature range for growing turmeric in Kerala is between 20°C and 30°C.
What is the best time to plant rubber trees in Kerala?,The best time to plant rubber trees in Kerala is during the monsoon season, between June and July.
What are some common diseases that affect aquaculture?,Some common diseases that affect aquaculture include bacterial infections, viral infections, and parasitic infections.
How can you prevent the spread of diseases in aquaculture?,You can prevent the spread of diseases in aquaculture by maintaining good water quality, monitoring the health of the fish, and practicing good biosecurity measures.
What are some common diseases that affect dairy cows?,Some common diseases that affect dairy cows include mastitis, lameness, and respiratory disease.
How can you prevent the spread of diseases in a dairy herd?,You can prevent the spread of diseases in a dairy herd by maintaining good hygiene, practicing good biosecurity measures, and vaccinating the cows against common diseases.
What are some common diseases that affect honeybees?,Some common diseases that affect honeybees include Varroa mites, American foulbrood, and European foulbrood.
How can you prevent the spread of diseases in a beehive?,You can prevent the spread of diseases in a beehive by practicing good hive management, monitoring the health of the bees, and treating the hive for Varroa mites.
What are some common diseases that affect dogs on a farm?,Some common diseases that affect dogs on a farm include parvovirus, distemper, and Lyme disease.
How can you prevent the spread of diseases in a dog population on a farm?,You can prevent the spread of diseases in a dog population on a farm by vaccinating the dogs against common diseases, practicing good hygiene, and monitoring the health of the dogs.
What are some common diseases that affect poultry?,Some common diseases that affect poultry include avian influenza, Newcastle disease, and infectious bronchitis.
How can you prevent the spread of diseases in a poultry flock?,You can prevent the spread of diseases in a poultry flock by maintaining good hygiene, practicing good biosecurity measures, and vaccinating the birds against common diseases.
What are some common diseases that affect pigs on a farm?,Some common diseases that affect pigs on a farm include African swine fever, porcine reproductive and respiratory syndrome, and swine influenza.
How can you prevent the spread of diseases in a pig herd?,You can prevent the spread of diseases in a pig herd by maintaining good hygiene, practicing good biosecurity measures, and vaccinating the pigs against common diseases.
What are some common diseases that affect goats on a farm?,Some common diseases that affect goats on a farm include caprine arthritis and encephalitis, foot rot, and Johne's disease.
How can you prevent the spread of diseases in a goat herd?,You can prevent the spread of diseases in a goat herd by maintaining good hygiene, practicing good biosecurity measures, and vaccinating the goats against common diseases.
What are some common diseases that affect sheep on a farm?,Some common diseases that affect sheep on a farm include foot rot, pneumonia, and Johne's disease.
How can you prevent the spread of diseases in a sheep flock?,You can prevent the spread of diseases in a sheep flock by maintaining good hygiene, practicing good biosecurity measures, and vaccinating the sheep against common diseases.
What are some common diseases that affect cattle on a farm?,Some common diseases that affect cattle on a farm include bovine respiratory disease, bovine viral diarrhea, and bovine tuberculosis.
How can you prevent the spread of diseases in a cattle herd?,You can prevent the spread of diseases in a cattle herd by maintaining good hygiene, practicing good biosecurity measures, and vaccinating the cattle against common diseases.
What are some common diseases that affect horses on a farm?,Some common diseases that affect horses on a farm include equine influenza.



